model_arm,retrieval_condition,n_examples,rouge1_mean,rouge2_mean,rougeL_mean,semantic_cosine_mean,semantic_dot_mean,vsim_mean,jsd_mean,kld_mean
baseline_rag,most_similar,1396,0.0155919250836666,0.001344885100864,0.0135270560469198,0.1449154390918701,0.1449154240622173,0.469926499683296,0.6695737467225038,22.368097946690035
instructrag_icl_rag,most_similar,1396,0.0169831042195442,0.0018117161896952,0.0143938954448495,0.1462581228615553,0.1462581084270215,0.4758436047920109,0.6674738965461416,22.135294424509173
baseline_rag,most_contradictory,1396,0.0160660155245079,0.0016181220387794,0.0139373625094145,0.145323229416118,0.1453232126867686,0.4670931928205444,0.6674525073183758,22.27426946999507
instructrag_icl_rag,most_contradictory,1396,0.0186763776690725,0.0028911318405205,0.0158942533155082,0.1603177357524098,0.160317719113633,0.4802871006764353,0.6630917359219481,21.96675596452112
baseline_rag,least_contradictory,1396,0.0146281692764918,0.001379514914756,0.0128863732710737,0.1401895273491921,0.1401895125564338,0.4670967354416,0.6705506816131971,22.386934508164693
instructrag_icl_rag,least_contradictory,1396,0.015971617666982,0.001792395101019,0.0137679874856423,0.144387809631343,0.1443877955021992,0.472294121950879,0.6666841516235447,22.162751049452183
