metric,baseline_most_similar,baseline_most_contradictory,baseline_degradation,instructrag_most_similar,instructrag_most_contradictory,instructrag_degradation,degradation_reduction,interpretation
rouge1,0.0155919250836666,0.0160660155245079,-0.00047409044084129916,0.0169831042195442,0.0186763776690725,-0.0016932734495282986,0.0012191830086869995,Não houve degradação; houve melhora em most_contradictory
rouge2,0.001344885100864,0.0016181220387794,-0.00027323693791540013,0.0018117161896952,0.0028911318405205,-0.0010794156508253,0.0008061787129098998,Não houve degradação; houve melhora em most_contradictory
rougeL,0.0135270560469198,0.0139373625094145,-0.0004103064624946997,0.0143938954448495,0.0158942533155082,-0.0015003578706587004,0.0010900514081640007,Não houve degradação; houve melhora em most_contradictory
semantic_cosine,0.1449154390918701,0.145323229416118,-0.0004077903242478975,0.1462581228615553,0.1603177357524098,-0.0140596128908545,0.013651822566606603,Não houve degradação; houve melhora em most_contradictory
semantic_dot,0.1449154240622173,0.1453232126867686,-0.00040778862455129183,0.1462581084270215,0.160317719113633,-0.01405961068661149,0.013651822062060198,Não houve degradação; houve melhora em most_contradictory
vsim,0.469926499683296,0.4670931928205444,0.0028333068627515723,0.4758436047920109,0.4802871006764353,-0.004443495884424442,0.007276802747176014,InstructRAG-ICL apresentou menor degradação
jsd,0.6695737467225038,0.6674525073183758,-0.002121239404128006,0.6674738965461416,0.6630917359219481,-0.0043821606241934985,0.0022609212200654927,Não houve degradação; houve melhora em most_contradictory
kld,22.368097946690035,22.27426946999507,-0.09382847669496641,22.135294424509173,21.96675596452112,-0.16853845998805284,0.07470998329308642,Não houve degradação; houve melhora em most_contradictory
