metric,n_pairs,mean_degradation_baseline,mean_degradation_instructrag,mean_degradation_reduction,median_degradation_reduction,bootstrap_ci_low,bootstrap_ci_high,wilcoxon_statistic,p_value,p_value_fdr,effect_size,significant_at_alpha,interpretation
rouge1,376,-0.0004506210998281726,-0.00016023210387308806,-0.00029038899595508456,0.0,-0.0015168417382486817,0.0008739612335426758,431.0,0.46242261272516316,0.8250337028419917,-0.1292929292929293,False,Não houve degradação; houve melhora em most_contradictory
rouge2,376,-0.00014130136457865,-0.00018829720661745056,4.699584203880053e-05,0.0,-0.00030365976072587516,0.0004654432719651179,146.0,0.4677756428718567,0.8250337028419917,-0.16809116809116809,False,Não houve degradação; houve melhora em most_contradictory
rougeL,376,-0.0002525601758399891,-0.00031727380499396946,6.471362915398033e-05,0.0,-0.0008356637724688257,0.0010167687426870817,442.0,0.7153913902911881,0.8396508350630203,-0.06553911205073996,False,Não houve degradação; houve melhora em most_contradictory
semantic_cosine,376,-0.003079820409456785,-0.0005582539845218372,-0.002521566424934948,0.0,-0.009953756743863703,0.0049066659003035445,667.0,0.5156460642762448,0.8250337028419917,-0.10168350168350168,False,Não houve degradação; houve melhora em most_contradictory
semantic_dot,376,-0.0030798194434573053,-0.0005582531027376966,-0.002521566340719609,0.0,-0.009845633458276777,0.0050130049117216606,667.0,0.5156460642762448,0.8250337028419917,-0.10168350168350168,False,Não houve degradação; houve melhora em most_contradictory
vsim,376,-0.0019988487319047613,-0.0016368179839052666,-0.00036203074799949497,0.0,-0.00626181999286678,0.0053702710883818845,719.0,0.8396508350630203,0.8396508350630203,-0.03164983164983165,False,Não houve degradação; houve melhora em most_contradictory
jsd,376,-0.00029197265706545846,-0.001287144502237765,0.0009951718451723067,0.0,-0.0004940604859740898,0.0026612146199189086,686.0,0.7939717788243278,0.8396508350630203,0.04122990915443746,False,Não houve degradação; houve melhora em most_contradictory
kld,376,0.017466869707017642,-0.06615640138194155,0.0836232710889592,0.0,-0.03997221209884402,0.21564987183868664,635.0,0.4760617181488279,0.8250337028419917,0.11250873515024458,False,InstructRAG-ICL apresentou menor degradação
